"Date","Sample_ID","Concentration","Units"
"4/6/2024 14:16","0423ASHC_01",9.32,"ng/uL"
"4/6/2024 14:16","0423ASHC_02",22.2,"ng/uL"
"4/6/2024 14:16","0423ASHC_03",22.6,"ng/uL"
"4/6/2024 14:16","0423ASHC_04",12.8,"ng/uL"
"4/6/2024 14:16","0423ASHC_05",25.3,"ng/uL"
"4/6/2024 14:16","0423ASHC_06",18.2,"ng/uL"
"4/6/2024 14:16","0423ASHC_07",24.9,"ng/uL"
"4/6/2024 14:16","0423ASHC_08",16.4,"ng/uL"
"4/6/2024 14:18","0423ASHC_09",22,"ng/uL"
"4/6/2024 14:18","0423ASHC_10",31.4,"ng/uL"
"4/6/2024 14:18","0423ASHC_11",37.4,"ng/uL"
"4/6/2024 14:18","0423ASHC_12",26.5,"ng/uL"
"4/6/2024 14:18","0423ASHC_13",29.9,"ng/uL"
"4/6/2024 14:18","0423ASHC_14",37,"ng/uL"
"4/6/2024 14:18","0423ASHC_15",27,"ng/uL"
"4/6/2024 14:18","0423ASHC_16",20.4,"ng/uL"
"4/6/2024 14:20","0423ASHC_17",28.3,"ng/uL"
"4/6/2024 14:20","0423ASHC_18",28.4,"ng/uL"
"4/6/2024 14:20","0423ASHC_19",27,"ng/uL"
"4/6/2024 14:20","0423ASHC_20",25.4,"ng/uL"
"4/6/2024 14:20","0423ASHC_21",35.6,"ng/uL"
"4/6/2024 14:20","0423ASHC_22",33.5,"ng/uL"
"4/6/2024 14:20","0423ASHC_23",31,"ng/uL"
"4/6/2024 14:20","0423ASHC_24",24.9,"ng/uL"
"4/6/2024 14:21","0423ASHC_25",83.6,"ng/uL"
"4/6/2024 14:21","0423ASHC_26",26.6,"ng/uL"
"4/6/2024 14:21","0423ASHC_27",32.6,"ng/uL"
"4/6/2024 14:21","0423ASHC_28",29.5,"ng/uL"
"4/6/2024 14:21","0423ASHC_29",66.8,"ng/uL"
"4/6/2024 14:21","0423ASHC_30",50.8,"ng/uL"
"1/10/2024 15:20","0423ASHC_01",10.3,"ng/uL"
"1/10/2024 15:20","0423ASHC_02",20.5,"ng/uL"
"1/10/2024 15:20","0423ASHC_03",20,"ng/uL"
"1/10/2024 15:20","0423ASHC_04",11.7,"ng/uL"
"1/10/2024 15:20","0423ASHC_05",23.3,"ng/uL"
"1/10/2024 15:20","0423ASHC_06",17.1,"ng/uL"
"1/10/2024 15:20","0423ASHC_07",24.9,"ng/uL"
"1/10/2024 15:20","0423ASHC_08",16.6,"ng/uL"
"1/10/2024 15:21","0423ASHC_09",22.6,"ng/uL"
"1/10/2024 15:21","0423ASHC_10",31.2,"ng/uL"
"1/10/2024 15:21","0423ASHC_11",35.8,"ng/uL"
"1/10/2024 15:21","0423ASHC_12",25.2,"ng/uL"
"1/10/2024 15:21","0423ASHC_13",27.9,"ng/uL"
"1/10/2024 15:21","0423ASHC_14",35.3,"ng/uL"
"1/10/2024 15:21","0423ASHC_15",27,"ng/uL"
"1/10/2024 15:21","0423ASHC_16",21.1,"ng/uL"
"1/10/2024 15:23","0423ASHC_17",25.8,"ng/uL"
"1/10/2024 15:23","0423ASHC_18",25.9,"ng/uL"
"1/10/2024 15:23","0423ASHC_19",22,"ng/uL"
"1/10/2024 15:23","0423ASHC_20",2.62,"ng/uL"
"1/10/2024 15:23","0423ASHC_21",30.6,"ng/uL"
"1/10/2024 15:23","0423ASHC_22",29.5,"ng/uL"
"1/10/2024 15:23","0423ASHC_23",29.9,"ng/uL"
"1/10/2024 15:23","0423ASHC_24",24.4,"ng/uL"
"1/10/2024 15:24","0423ASHC_25",77.2,"ng/uL"
"1/10/2024 15:24","0423ASHC_26",22.6,"ng/uL"
"1/10/2024 15:24","0423ASHC_27",26,"ng/uL"
"1/10/2024 15:24","0423ASHC_28",22.2,"ng/uL"
"1/10/2024 15:24","0423ASHC_29",53.2,"ng/uL"
"1/10/2024 15:24","0423ASHC_30",39.9,"ng/uL"
"4/6/2024 14:32","0423FENC_01",33.2,"ng/uL"
"4/6/2024 14:32","0423FENC_02",31.1,"ng/uL"
"4/6/2024 14:32","0423FENC_03",50,"ng/uL"
"4/6/2024 14:32","0423FENC_04",72.4,"ng/uL"
"4/6/2024 14:32","0423FENC_05",54.4,"ng/uL"
"4/6/2024 14:32","0423FENC_06",60.4,"ng/uL"
"4/6/2024 14:32","0423FENC_07",33.5,"ng/uL"
"4/6/2024 14:32","0423FENC_08",27.3,"ng/uL"
"4/6/2024 14:36","0423FENC_09",30.8,"ng/uL"
"4/6/2024 14:36","0423FENC_10",58.4,"ng/uL"
"4/6/2024 14:36","0423FENC_11",41.6,"ng/uL"
"4/6/2024 14:36","0423FENC_12",38.1,"ng/uL"
"4/6/2024 14:36","0423FENC_13",79.2,"ng/uL"
"4/6/2024 14:36","0423FENC_14",39.8,"ng/uL"
"4/6/2024 14:36","0423FENC_15",59.6,"ng/uL"
"4/6/2024 14:36","0423FENC_16",119,"ng/uL"
"4/6/2024 14:39","0423FENC_17",43.2,"ng/uL"
"4/6/2024 14:39","0423FENC_18",44.4,"ng/uL"
"4/6/2024 14:39","0423FENC_19",74.8,"ng/uL"
"4/6/2024 14:39","0423FENC_20",43.2,"ng/uL"
"4/6/2024 14:39","0423FENC_21",34.4,"ng/uL"
"4/6/2024 14:39","0423FENC_22",54.4,"ng/uL"
"4/6/2024 14:39","0423FENC_23",56.4,"ng/uL"
"4/6/2024 14:39","0423FENC_24",51.6,"ng/uL"
"4/6/2024 14:41","0423FENC_25",37.5,"ng/uL"
"4/6/2024 14:41","0423FENC_26",34.4,"ng/uL"
"11/6/2024 16:26","0423FENC_27",32.1,"ng/uL"
"4/6/2024 14:41","0423FENC_28",55.2,"ng/uL"
"4/6/2024 14:41","0423FENC_29",21.5,"ng/uL"
"4/6/2024 14:41","0423FENC_30",39.6,"ng/uL"
"1/10/2024 15:27","0423FENC_01",26.3,"ng/uL"
"1/10/2024 15:27","0423FENC_02",21,"ng/uL"
"1/10/2024 15:27","0423FENC_03",32,"ng/uL"
"1/10/2024 15:27","0423FENC_04",42.4,"ng/uL"
"1/10/2024 15:27","0423FENC_05",35,"ng/uL"
"1/10/2024 15:27","0423FENC_06",43.6,"ng/uL"
"1/10/2024 15:27","0423FENC_07",25.3,"ng/uL"
"1/10/2024 15:27","0423FENC_08",20.8,"ng/uL"
"1/10/2024 15:28","0423FENC_09",21.7,"ng/uL"
"1/10/2024 15:28","0423FENC_10",52.4,"ng/uL"
"1/10/2024 15:28","0423FENC_11",30.4,"ng/uL"
"1/10/2024 15:28","0423FENC_12",26.4,"ng/uL"
"1/10/2024 15:28","0423FENC_13",53.6,"ng/uL"
"1/10/2024 15:28","0423FENC_14",29.6,"ng/uL"
"1/10/2024 15:31","0423FENC_15",51.2,"ng/uL"
"1/10/2024 15:28","0423FENC_16",83.6,"ng/uL"
"1/10/2024 15:30","0423FENC_17",36.4,"ng/uL"
"1/10/2024 15:30","0423FENC_18",36.8,"ng/uL"
"1/10/2024 15:30","0423FENC_19",56,"ng/uL"
"1/10/2024 15:30","0423FENC_20",30.8,"ng/uL"
"1/10/2024 15:30","0423FENC_21",24.3,"ng/uL"
"1/10/2024 15:30","0423FENC_22",41.6,"ng/uL"
"1/10/2024 15:30","0423FENC_23",46.8,"ng/uL"
"1/10/2024 15:30","0423FENC_24",41.6,"ng/uL"
"1/10/2024 15:31","0423FENC_25",35.8,"ng/uL"
"1/10/2024 15:31","0423FENC_26",39.3,"ng/uL"
"1/10/2024 15:35","0423FENC_27",14.6,"ng/uL"
"1/10/2024 15:31","0423FENC_28",47.2,"ng/uL"
"1/10/2024 15:31","0423FENC_29",29.7,"ng/uL"
"1/10/2024 15:31","0423FENC_30",36.8,"ng/uL"
"1/10/2024 10:29","0424FENC_01",18.1,"ng/uL"
"1/10/2024 10:29","0424FENC_01",22.5,"ng/uL"
"1/10/2024 10:29","0424FENC_02",48,"ng/uL"
"1/10/2024 10:29","0424FENC_02",39.8,"ng/uL"
"1/10/2024 10:29","0424FENC_03",40,"ng/uL"
"1/10/2024 10:29","0424FENC_03",42,"ng/uL"
"1/10/2024 10:29","0424FENC_04",102,"ng/uL"
"1/10/2024 10:29","0424FENC_04",87.2,"ng/uL"
"1/10/2024 10:57","0424FENC_05",12.1,"ng/uL"
"1/10/2024 10:57","0424FENC_05",14.6,"ng/uL"
"1/10/2024 10:57","0424FENC_06",46,"ng/uL"
"1/10/2024 10:57","0424FENC_06",38.8,"ng/uL"
"1/10/2024 10:57","0424FENC_07",9.96,"ng/uL"
"1/10/2024 10:57","0424FENC_07",11,"ng/uL"
"1/10/2024 10:57","0424FENC_08",28.6,"ng/uL"
"1/10/2024 10:57","0424FENC_08",25.6,"ng/uL"
"1/10/2024 10:58","0424FENC_09",25.8,"ng/uL"
"1/10/2024 10:58","0424FENC_09",30.8,"ng/uL"
"1/10/2024 10:58","0424FENC_10",32.3,"ng/uL"
"1/10/2024 10:58","0424FENC_10",22.5,"ng/uL"
"1/10/2024 10:58","0424FENC_11",21.7,"ng/uL"
"1/10/2024 10:58","0424FENC_11",26.2,"ng/uL"
"1/10/2024 10:58","0424FENC_12",32.4,"ng/uL"
"1/10/2024 10:58","0424FENC_12",30.8,"ng/uL"
"1/10/2024 10:59","0424FENC_13",60,"ng/uL"
"1/10/2024 10:59","0424FENC_13",79.2,"ng/uL"
"1/10/2024 10:59","0424FENC_14",43.2,"ng/uL"
"1/10/2024 10:59","0424FENC_14",36.8,"ng/uL"
"1/10/2024 10:59","0424FENC_15",67.2,"ng/uL"
"1/10/2024 10:59","0424FENC_15",75.2,"ng/uL"
"1/10/2024 10:59","0424FENC_16",93.2,"ng/uL"
"1/10/2024 10:59","0424FENC_16",81.2,"ng/uL"
"1/10/2024 11:00","0424FENC_17",37.2,"ng/uL"
"1/10/2024 11:00","0424FENC_17",43.2,"ng/uL"
"1/10/2024 11:00","0424FENC_18",53.2,"ng/uL"
"1/10/2024 11:00","0424FENC_18",40,"ng/uL"
"1/10/2024 11:00","0424FENC_19",39.6,"ng/uL"
"1/10/2024 11:00","0424FENC_19",46.4,"ng/uL"
"1/10/2024 11:00","0424FENC_20",28.1,"ng/uL"
"1/10/2024 11:00","0424FENC_20",25.1,"ng/uL"
"1/10/2024 11:01","0424FENC_21",18.2,"ng/uL"
"1/10/2024 11:01","0424FENC_21",21.8,"ng/uL"
"1/10/2024 11:01","0424FENC_22",26.7,"ng/uL"
"1/10/2024 11:01","0424FENC_22",24.4,"ng/uL"
"1/10/2024 11:01","0424FENC_23",18.8,"ng/uL"
"1/10/2024 11:01","0424FENC_23",22.6,"ng/uL"
"1/10/2024 11:01","0424FENC_24",89.6,"ng/uL"
"1/10/2024 11:01","0424FENC_24",80.8,"ng/uL"
"1/10/2024 11:02","0424FENC_25",25.7,"ng/uL"
"1/10/2024 11:02","0424FENC_25",30,"ng/uL"
"1/10/2024 11:02","0424FENC_26",71.6,"ng/uL"
"1/10/2024 11:02","0424FENC_26",59.2,"ng/uL"
"1/10/2024 11:02","0424FENC_27",88,"ng/uL"
"1/10/2024 11:02","0424FENC_27",88.4,"ng/uL"
"1/10/2024 11:02","0424FENC_28",37.4,"ng/uL"
"1/10/2024 11:02","0424FENC_28",30.5,"ng/uL"
"1/10/2024 11:07","0424FENC_29",42,"ng/uL"
"1/10/2024 11:07","0424FENC_29",37.1,"ng/uL"
"1/10/2024 11:07","0424FENC_30",33.8,"ng/uL"
"1/10/2024 11:07","0424FENC_30",34.2,"ng/uL"
"6/6/2024 14:09","0523ASHC_01",75.6,"ng/uL"
"6/6/2024 14:09","0523ASHC_02",82.8,"ng/uL"
"6/6/2024 14:09","0523ASHC_03",60.8,"ng/uL"
"6/6/2024 14:09","0523ASHC_04",72.4,"ng/uL"
"6/6/2024 14:09","0523ASHC_05",58.4,"ng/uL"
"6/6/2024 14:09","0523ASHC_06",62.4,"ng/uL"
"6/6/2024 14:09","0523ASHC_07",68,"ng/uL"
"6/6/2024 14:09","0523ASHC_08",42,"ng/uL"
"6/6/2024 14:10","0523ASHC_09",39.6,"ng/uL"
"6/6/2024 14:10","0523ASHC_10",62.4,"ng/uL"
"6/6/2024 14:10","0523ASHC_11",80,"ng/uL"
"6/6/2024 14:10","0523ASHC_12",80.4,"ng/uL"
"6/6/2024 14:10","0523ASHC_13",50.4,"ng/uL"
"6/6/2024 14:10","0523ASHC_14",50.4,"ng/uL"
"6/6/2024 14:10","0523ASHC_15",74.8,"ng/uL"
"6/6/2024 14:10","0523ASHC_16",62.4,"ng/uL"
"6/6/2024 14:11","0523ASHC_17",49.6,"ng/uL"
"6/6/2024 14:11","0523ASHC_18",73.6,"ng/uL"
"6/6/2024 14:11","0523ASHC_19",52.8,"ng/uL"
"6/6/2024 14:11","0523ASHC_20",40.8,"ng/uL"
"6/6/2024 14:11","0523ASHC_21",52.4,"ng/uL"
"6/6/2024 14:11","0523ASHC_22",69.6,"ng/uL"
"6/6/2024 14:11","0523ASHC_23",51.2,"ng/uL"
"6/6/2024 14:11","0523ASHC_24",57.2,"ng/uL"
"6/6/2024 14:11","0523ASHC_25",37.1,"ng/uL"
"6/6/2024 14:11","0523ASHC_26",39.1,"ng/uL"
"6/6/2024 14:11","0523ASHC_27",42.4,"ng/uL"
"6/6/2024 14:11","0523ASHC_28",40,"ng/uL"
"6/6/2024 14:11","0523ASHC_29",38.9,"ng/uL"
"6/6/2024 14:11","0523ASHC_30",42.4,"ng/uL"
"6/6/2024 14:25","0523FENC_01",28.7,"ng/uL"
"6/6/2024 14:25","0523FENC_02",28.8,"ng/uL"
"6/6/2024 14:25","0523FENC_03",41.6,"ng/uL"
"6/6/2024 14:25","0523FENC_04",53.2,"ng/uL"
"6/6/2024 14:25","0523FENC_05",42.8,"ng/uL"
"6/6/2024 14:25","0523FENC_06",46.8,"ng/uL"
"6/6/2024 14:25","0523FENC_07",31.6,"ng/uL"
"11/6/2024 16:15","0523FENC_08",46.4,"ng/uL"
"11/6/2024 16:15","0523FENC_09",37.5,"ng/uL"
"6/6/2024 14:26","0523FENC_10",56.8,"ng/uL"
"6/6/2024 14:26","0523FENC_11",33,"ng/uL"
"6/6/2024 14:26","0523FENC_12",29.3,"ng/uL"
"6/6/2024 14:26","0523FENC_13",63.2,"ng/uL"
"6/6/2024 14:26","0523FENC_14",33.4,"ng/uL"
"6/6/2024 14:26","0523FENC_15",67.2,"ng/uL"
"6/6/2024 14:26","0523FENC_16",98,"ng/uL"
"6/6/2024 14:30","0523FENC_17",36.7,"ng/uL"
"6/6/2024 14:30","0523FENC_18",40.4,"ng/uL"
"6/6/2024 14:30","0523FENC_19",61.2,"ng/uL"
"6/6/2024 14:30","0523FENC_20",34.9,"ng/uL"
"6/6/2024 14:30","0523FENC_21",26.8,"ng/uL"
"6/6/2024 14:30","0523FENC_22",44.8,"ng/uL"
"6/6/2024 14:30","0523FENC_23",56,"ng/uL"
"6/6/2024 14:30","0523FENC_24",47.6,"ng/uL"
"6/6/2024 14:30","0523FENC_25",31.7,"ng/uL"
"11/6/2024 16:23","0523FENC_26",49.6,"ng/uL"
"6/6/2024 14:30","0523FENC_27",10.7,"ng/uL"
"6/6/2024 14:30","0523FENC_28",46.8,"ng/uL"
"6/6/2024 14:30","0523FENC_29",30.1,"ng/uL"
"6/6/2024 14:30","0523FENC_30",37,"ng/uL"
"20/06/2024 11:07:45 AM","0523GOLD_01",42,"ng/uL"
"20/06/2024 11:07:45 AM","0523GOLD_02",66,"ng/uL"
"20/06/2024 11:07:45 AM","0523GOLD_03",17.3,"ng/uL"
"20/06/2024 11:07:45 AM","0523GOLD_04",80.8,"ng/uL"
"20/06/2024 11:07:45 AM","0523GOLD_05",50.4,"ng/uL"
"20/06/2024 11:07:45 AM","0523GOLD_06",74,"ng/uL"
"20/06/2024 11:07:45 AM","0523GOLD_07",17.8,"ng/uL"
"20/06/2024 11:07:45 AM","0523GOLD_08",58,"ng/uL"
"20/06/2024 11:08:40 AM","0523GOLD_09",62,"ng/uL"
"20/06/2024 11:08:40 AM","0523GOLD_10",30.6,"ng/uL"
"20/06/2024 11:08:40 AM","0523GOLD_11",44.4,"ng/uL"
"20/06/2024 11:08:40 AM","0523GOLD_12",120,"ng/uL"
"20/06/2024 11:08:40 AM","0523GOLD_13",110,"ng/uL"
"20/06/2024 11:08:40 AM","0523GOLD_14",31.7,"ng/uL"
"20/06/2024 11:08:40 AM","0523GOLD_15",53.6,"ng/uL"
"20/06/2024 11:08:40 AM","0523GOLD_16",35.8,"ng/uL"
"20/06/2024 11:09:14 AM","0523GOLD_17",37.7,"ng/uL"
"20/06/2024 11:09:14 AM","0523GOLD_18",229,"ng/uL"
"20/06/2024 11:09:14 AM","0523GOLD_19",66.8,"ng/uL"
"20/06/2024 11:09:14 AM","0523GOLD_20",67.6,"ng/uL"
"20/06/2024 11:09:14 AM","0523GOLD_21",127,"ng/uL"
"20/06/2024 11:09:14 AM","0523GOLD_22",163,"ng/uL"
"20/06/2024 11:09:14 AM","0523GOLD_23",67.6,"ng/uL"
"20/06/2024 11:09:14 AM","0523GOLD_24",64.4,"ng/uL"
"20/06/2024 11:11:41 AM","0523GOLD_25",33.2,"ng/uL"
"20/06/2024 11:11:41 AM","0523GOLD_26",59.2,"ng/uL"
"20/06/2024 11:11:41 AM","0523GOLD_27",163,"ng/uL"
"20/06/2024 11:11:41 AM","0523GOLD_28",30.1,"ng/uL"
"20/06/2024 11:11:41 AM","0523GOLD_29",29.4,"ng/uL"
"20/06/2024 11:11:41 AM","0523GOLD_30",42.4,"ng/uL"
"20/06/2024 11:16:55 AM","0523LAUR_01",36.9,"ng/uL"
"20/06/2024 11:22:02 AM","0523LAUR_02",23.6,"ng/uL"
"20/06/2024 11:16:55 AM","0523LAUR_03",30.2,"ng/uL"
"20/06/2024 11:16:55 AM","0523LAUR_04",35.4,"ng/uL"
"20/06/2024 11:16:55 AM","0523LAUR_05",22.9,"ng/uL"
"20/06/2024 11:16:55 AM","0523LAUR_06",66.4,"ng/uL"
"20/06/2024 11:16:55 AM","0523LAUR_07",29.2,"ng/uL"
"20/06/2024 11:16:55 AM","0523LAUR_08",34.9,"ng/uL"
"20/06/2024 11:18:08 AM","0523LAUR_09",37.5,"ng/uL"
"20/06/2024 11:18:08 AM","0523LAUR_10",42.4,"ng/uL"
"20/06/2024 11:18:08 AM","0523LAUR_11",23,"ng/uL"
"20/06/2024 11:18:08 AM","0523LAUR_12",28.1,"ng/uL"
"20/06/2024 11:18:08 AM","0523LAUR_13",72.8,"ng/uL"
"20/06/2024 11:18:08 AM","0523LAUR_14",58.4,"ng/uL"
"20/06/2024 11:18:08 AM","0523LAUR_15",28.5,"ng/uL"
"20/06/2024 11:18:08 AM","0523LAUR_16",52,"ng/uL"
"20/06/2024 11:21:36 AM","0523LAUR_17",49.2,"ng/uL"
"20/06/2024 11:21:36 AM","0523LAUR_18",41.6,"ng/uL"
"20/06/2024 11:21:36 AM","0523LAUR_19",60.4,"ng/uL"
"20/06/2024 11:21:36 AM","0523LAUR_20",58.4,"ng/uL"
"20/06/2024 11:21:36 AM","0523LAUR_21",42.4,"ng/uL"
"20/06/2024 11:21:36 AM","0523LAUR_22",37.2,"ng/uL"
"20/06/2024 11:21:36 AM","0523LAUR_23",40.8,"ng/uL"
"20/06/2024 11:21:36 AM","0523LAUR_24",33.7,"ng/uL"
"20/06/2024 11:22:02 AM","0523LAUR_25",32.9,"ng/uL"
"20/06/2024 11:22:02 AM","0523LAUR_26",33,"ng/uL"
"20/06/2024 11:22:02 AM","0523LAUR_27",46.8,"ng/uL"
"20/06/2024 11:22:02 AM","0523LAUR_28",44.4,"ng/uL"
"20/06/2024 11:22:02 AM","0523LAUR_29",43.2,"ng/uL"
"20/06/2024 11:22:02 AM","0523LAUR_30",68,"ng/uL"
"20/06/2024 12:12:09 PM","0623ASHC_01",69.6,"ng/uL"
"20/06/2024 12:12:09 PM","0623ASHC_02",52.8,"ng/uL"
"20/06/2024 12:12:09 PM","0623ASHC_03",43.2,"ng/uL"
"20/06/2024 12:12:09 PM","0623ASHC_04",56.4,"ng/uL"
"20/06/2024 12:13:48 PM","0623ASHC_05",199,"ng/uL"
"20/06/2024 12:12:09 PM","0623ASHC_06",62,"ng/uL"
"20/06/2024 12:12:09 PM","0623ASHC_07",63.6,"ng/uL"
"20/06/2024 12:12:09 PM","0623ASHC_08",51.2,"ng/uL"
"20/06/2024 12:12:53 PM","0623ASHC_09",35.1,"ng/uL"
"20/06/2024 12:12:53 PM","0623ASHC_10",37.2,"ng/uL"
"20/06/2024 12:12:53 PM","0623ASHC_11",38.9,"ng/uL"
"20/06/2024 12:12:53 PM","0623ASHC_12",38.4,"ng/uL"
"20/06/2024 12:12:53 PM","0623ASHC_13",67.6,"ng/uL"
"20/06/2024 12:12:53 PM","0623ASHC_14",39.7,"ng/uL"
"20/06/2024 12:12:53 PM","0623ASHC_15",41.2,"ng/uL"
"20/06/2024 12:12:53 PM","0623ASHC_16",40.4,"ng/uL"
"20/06/2024 12:13:21 PM","0623ASHC_17",82,"ng/uL"
"20/06/2024 12:13:21 PM","0623ASHC_18",40,"ng/uL"
"20/06/2024 12:13:21 PM","0623ASHC_19",90.4,"ng/uL"
"20/06/2024 12:13:21 PM","0623ASHC_20",54.4,"ng/uL"
"20/06/2024 12:13:21 PM","0623ASHC_21",76.4,"ng/uL"
"20/06/2024 12:13:21 PM","0623ASHC_22",69.2,"ng/uL"
"20/06/2024 12:13:21 PM","0623ASHC_23",41.2,"ng/uL"
"20/06/2024 12:13:21 PM","0623ASHC_24",66.4,"ng/uL"
"20/06/2024 12:13:48 PM","0623ASHC_25",63.2,"ng/uL"
"20/06/2024 12:13:48 PM","0623ASHC_26",59.2,"ng/uL"
"20/06/2024 12:13:48 PM","0623ASHC_27",74.8,"ng/uL"
"20/06/2024 12:13:48 PM","0623ASHC_28",42,"ng/uL"
"20/06/2024 12:13:48 PM","0623ASHC_29",119,"ng/uL"
"20/06/2024 12:13:48 PM","0623ASHC_30",39.6,"ng/uL"
"20/06/2024 11:59:42 AM","0623FENC_01",7.88,"ng/uL"
"20/06/2024 11:59:42 AM","0623FENC_02",31.2,"ng/uL"
"20/06/2024 11:59:42 AM","0623FENC_03",54.4,"ng/uL"
"20/06/2024 11:59:42 AM","0623FENC_04",39.8,"ng/uL"
"20/06/2024 11:59:42 AM","0623FENC_05",22.7,"ng/uL"
"20/06/2024 11:59:42 AM","0623FENC_06",64.4,"ng/uL"
"20/06/2024 11:59:42 AM","0623FENC_07",33.6,"ng/uL"
"20/06/2024 11:59:42 AM","0623FENC_08",29.9,"ng/uL"
"20/06/2024 12:00:19 PM","0623FENC_09",61.6,"ng/uL"
"20/06/2024 12:00:19 PM","0623FENC_10",57.6,"ng/uL"
"20/06/2024 12:00:19 PM","0623FENC_11",78.8,"ng/uL"
"20/06/2024 12:00:19 PM","0623FENC_12",30,"ng/uL"
"20/06/2024 12:05:20 PM","0623FENC_13",83.6,"ng/uL"
"20/06/2024 12:00:19 PM","0623FENC_14",33.9,"ng/uL"
"20/06/2024 12:00:19 PM","0623FENC_15",308,"ng/uL"
"20/06/2024 12:00:19 PM","0623FENC_16",48.4,"ng/uL"
"20/06/2024 12:01:21 PM","0623FENC_17",86.8,"ng/uL"
"20/06/2024 12:01:21 PM","0623FENC_18",57.6,"ng/uL"
"20/06/2024 12:01:21 PM","0623FENC_19",32.3,"ng/uL"
"20/06/2024 12:01:21 PM","0623FENC_20",23.3,"ng/uL"
"20/06/2024 12:01:21 PM","0623FENC_21",106,"ng/uL"
"20/06/2024 12:01:21 PM","0623FENC_22",130,"ng/uL"
"20/06/2024 12:01:21 PM","0623FENC_23",30.8,"ng/uL"
"20/06/2024 12:01:21 PM","0623FENC_24",52.4,"ng/uL"
"20/06/2024 12:05:20 PM","0623FENC_25",31.8,"ng/uL"
"20/06/2024 12:05:20 PM","0623FENC_26",82.4,"ng/uL"
"20/06/2024 12:05:20 PM","0623FENC_27",59.2,"ng/uL"
"20/06/2024 12:05:20 PM","0623FENC_28",33.8,"ng/uL"
"20/06/2024 12:05:20 PM","0623FENC_29",182,"ng/uL"
"20/06/2024 12:05:20 PM","0623FENC_30",56.4,"ng/uL"
"20/06/2024 02:05:38 PM","0623GOLD_01",38.6,"ng/uL"
"20/06/2024 02:05:38 PM","0623GOLD_02",46.4,"ng/uL"
"20/06/2024 02:05:38 PM","0623GOLD_03",207,"ng/uL"
"20/06/2024 02:05:38 PM","0623GOLD_04",52,"ng/uL"
"20/06/2024 02:05:38 PM","0623GOLD_05",206,"ng/uL"
"20/06/2024 02:05:38 PM","0623GOLD_06",53.2,"ng/uL"
"20/06/2024 02:05:38 PM","0623GOLD_07",29.9,"ng/uL"
"20/06/2024 02:05:38 PM","0623GOLD_08",47.2,"ng/uL"
"20/06/2024 02:05:59 PM","0623GOLD_09",49.6,"ng/uL"
"20/06/2024 02:05:59 PM","0623GOLD_10",92,"ng/uL"
"20/06/2024 02:05:59 PM","0623GOLD_11",84,"ng/uL"
"20/06/2024 02:05:59 PM","0623GOLD_12",29.8,"ng/uL"
"20/06/2024 02:05:59 PM","0623GOLD_13",57.2,"ng/uL"
"20/06/2024 02:05:59 PM","0623GOLD_14",38.4,"ng/uL"
"20/06/2024 02:05:59 PM","0623GOLD_15",35,"ng/uL"
"20/06/2024 02:05:59 PM","0623GOLD_16",33.8,"ng/uL"
"20/06/2024 02:11:04 PM","0623GOLD_17",122,"ng/uL"
"20/06/2024 02:11:04 PM","0623GOLD_18",13.6,"ng/uL"
"20/06/2024 02:11:04 PM","0623GOLD_19",50,"ng/uL"
"20/06/2024 02:11:04 PM","0623GOLD_20",32.1,"ng/uL"
"20/06/2024 02:11:04 PM","0623GOLD_21",201,"ng/uL"
"20/06/2024 02:11:04 PM","0623GOLD_22",232,"ng/uL"
"20/06/2024 02:11:04 PM","0623GOLD_23",115,"ng/uL"
"20/06/2024 02:11:04 PM","0623GOLD_24",138,"ng/uL"
"20/06/2024 02:13:19 PM","0623GOLD_25",31,"ng/uL"
"20/06/2024 02:13:19 PM","0623GOLD_26",52,"ng/uL"
"20/06/2024 02:13:19 PM","0623GOLD_27",230,"ng/uL"
"20/06/2024 02:13:19 PM","0623GOLD_28",77.6,"ng/uL"
"20/06/2024 02:13:19 PM","0623GOLD_29",86.8,"ng/uL"
"20/06/2024 02:13:19 PM","0623GOLD_30",177,"ng/uL"
"20/06/2024 02:25:24 PM","0623LAUR_01",83.2,"ng/uL"
"20/06/2024 02:25:24 PM","0623LAUR_02",90,"ng/uL"
"20/06/2024 02:25:24 PM","0623LAUR_03",88,"ng/uL"
"20/06/2024 02:25:24 PM","0623LAUR_04",92.4,"ng/uL"
"20/06/2024 02:25:24 PM","0623LAUR_05",87.2,"ng/uL"
"20/06/2024 02:25:24 PM","0623LAUR_06",74.4,"ng/uL"
"20/06/2024 02:25:24 PM","0623LAUR_07",57.6,"ng/uL"
"20/06/2024 02:25:24 PM","0623LAUR_08",47.6,"ng/uL"
"20/06/2024 02:26:23 PM","0623LAUR_09",122,"ng/uL"
"20/06/2024 02:26:23 PM","0623LAUR_10",78.8,"ng/uL"
"20/06/2024 02:26:23 PM","0623LAUR_11",54.4,"ng/uL"
"20/06/2024 02:26:23 PM","0623LAUR_12",67.2,"ng/uL"
"20/06/2024 02:26:23 PM","0623LAUR_13",95.6,"ng/uL"
"20/06/2024 02:26:23 PM","0623LAUR_14",66,"ng/uL"
"20/06/2024 02:26:23 PM","0623LAUR_15",83.2,"ng/uL"
"20/06/2024 02:26:23 PM","0623LAUR_16",46.4,"ng/uL"
"20/06/2024 02:26:52 PM","0623LAUR_17",104,"ng/uL"
"20/06/2024 02:26:52 PM","0623LAUR_18",60.4,"ng/uL"
"20/06/2024 02:26:52 PM","0623LAUR_19",248,"ng/uL"
"20/06/2024 02:26:52 PM","0623LAUR_20",105,"ng/uL"
"20/06/2024 02:26:52 PM","0623LAUR_21",62.4,"ng/uL"
"20/06/2024 02:26:52 PM","0623LAUR_22",42,"ng/uL"
"20/06/2024 02:26:52 PM","0623LAUR_23",78.4,"ng/uL"
"20/06/2024 02:26:52 PM","0623LAUR_24",47.2,"ng/uL"
"20/06/2024 02:27:24 PM","0623LAUR_25",58.8,"ng/uL"
"20/06/2024 02:27:24 PM","0623LAUR_26",63.6,"ng/uL"
"20/06/2024 02:27:24 PM","0623LAUR_27",69.6,"ng/uL"
"20/06/2024 02:27:24 PM","0623LAUR_28",82.4,"ng/uL"
"20/06/2024 02:27:24 PM","0623LAUR_29",165,"ng/uL"
"20/06/2024 02:27:24 PM","0623LAUR_30",76,"ng/uL"
"20/06/2024 03:13:19 PM","0723ASHC_01",50.4,"ng/uL"
"20/06/2024 03:13:19 PM","0723ASHC_02",14.9,"ng/uL"
"20/06/2024 03:13:19 PM","0723ASHC_03",28,"ng/uL"
"20/06/2024 03:13:19 PM","0723ASHC_04",76.4,"ng/uL"
"20/06/2024 03:13:19 PM","0723ASHC_05",70,"ng/uL"
"20/06/2024 03:13:19 PM","0723ASHC_06",74,"ng/uL"
"20/06/2024 03:13:19 PM","0723ASHC_07",45.2,"ng/uL"
"20/06/2024 03:13:19 PM","0723ASHC_08",129,"ng/uL"
"20/06/2024 03:13:37 PM","0723ASHC_09",150,"ng/uL"
"20/06/2024 03:13:37 PM","0723ASHC_10",329,"ng/uL"
"20/06/2024 03:13:37 PM","0723ASHC_11",43.6,"ng/uL"
"20/06/2024 03:13:37 PM","0723ASHC_12",90,"ng/uL"
"20/06/2024 03:13:37 PM","0723ASHC_13",46.8,"ng/uL"
"20/06/2024 03:13:37 PM","0723ASHC_14",66.8,"ng/uL"
"20/06/2024 03:13:37 PM","0723ASHC_15",27.1,"ng/uL"
"20/06/2024 03:13:37 PM","0723ASHC_16",49.6,"ng/uL"
"20/06/2024 03:15:27 PM","0723ASHC_17",43.6,"ng/uL"
"20/06/2024 03:15:27 PM","0723ASHC_18",107,"ng/uL"
"20/06/2024 03:15:27 PM","0723ASHC_19",86,"ng/uL"
"20/06/2024 03:15:27 PM","0723ASHC_20",116,"ng/uL"
"20/06/2024 03:15:27 PM","0723ASHC_21",72.4,"ng/uL"
"20/06/2024 03:15:27 PM","0723ASHC_22",38.7,"ng/uL"
"20/06/2024 03:15:27 PM","0723ASHC_23",36.4,"ng/uL"
"20/06/2024 03:15:27 PM","0723ASHC_24",92.4,"ng/uL"
"20/06/2024 03:16:53 PM","0723ASHC_25",42.8,"ng/uL"
"20/06/2024 03:16:53 PM","0723ASHC_26",83.2,"ng/uL"
"20/06/2024 03:16:53 PM","0723ASHC_27",69.6,"ng/uL"
"20/06/2024 03:16:53 PM","0723ASHC_28",106,"ng/uL"
"20/06/2024 03:16:53 PM","0723ASHC_29",83.2,"ng/uL"
"20/06/2024 03:16:53 PM","0723ASHC_30",174,"ng/uL"
"20/06/2024 03:04:35 PM","0723FENC_01",138,"ng/uL"
"20/06/2024 03:04:35 PM","0723FENC_02",17,"ng/uL"
"20/06/2024 03:04:35 PM","0723FENC_03",18,"ng/uL"
"20/06/2024 03:04:35 PM","0723FENC_04",37.4,"ng/uL"
"20/06/2024 03:04:35 PM","0723FENC_05",56.8,"ng/uL"
"20/06/2024 03:04:35 PM","0723FENC_06",78.8,"ng/uL"
"20/06/2024 03:04:35 PM","0723FENC_07",66.8,"ng/uL"
"20/06/2024 03:04:35 PM","0723FENC_08",54.4,"ng/uL"
"20/06/2024 03:05:02 PM","0723FENC_09",79.6,"ng/uL"
"20/06/2024 03:05:02 PM","0723FENC_10",60,"ng/uL"
"20/06/2024 03:05:02 PM","0723FENC_11",41.2,"ng/uL"
"20/06/2024 03:05:02 PM","0723FENC_12",64,"ng/uL"
"20/06/2024 03:05:02 PM","0723FENC_13",33.1,"ng/uL"
"20/06/2024 03:05:02 PM","0723FENC_14",16,"ng/uL"
"20/06/2024 03:07:45 PM","0723FENC_15",36.7,"ng/uL"
"20/06/2024 03:05:02 PM","0723FENC_16",64.8,"ng/uL"
"20/06/2024 03:05:41 PM","0723FENC_17",159,"ng/uL"
"20/06/2024 03:05:41 PM","0723FENC_18",71.2,"ng/uL"
"20/06/2024 03:05:41 PM","0723FENC_19",80.4,"ng/uL"
"20/06/2024 03:05:41 PM","0723FENC_20",52.4,"ng/uL"
"20/06/2024 03:05:41 PM","0723FENC_21",174,"ng/uL"
"20/06/2024 03:05:41 PM","0723FENC_22",66.8,"ng/uL"
"20/06/2024 03:05:41 PM","0723FENC_23",99.2,"ng/uL"
"20/06/2024 03:05:41 PM","0723FENC_24",147,"ng/uL"
"20/06/2024 03:07:45 PM","0723FENC_25",49.2,"ng/uL"
"20/06/2024 03:07:45 PM","0723FENC_26",147,"ng/uL"
"20/06/2024 03:07:45 PM","0723FENC_27",66.8,"ng/uL"
"20/06/2024 03:07:45 PM","0723FENC_28",25.7,"ng/uL"
"20/06/2024 03:07:45 PM","0723FENC_29",10.4,"ng/uL"
"20/06/2024 03:07:45 PM","0723FENC_30",16.8,"ng/uL"
"21/08/2024 10:15:23 AM","0723GOLD_01",41.6,"ng/uL"
"21/08/2024 10:15:23 AM","0723GOLD_02",54,"ng/uL"
"21/08/2024 10:15:23 AM","0723GOLD_03",66.4,"ng/uL"
"21/08/2024 10:15:23 AM","0723GOLD_04",177,"ng/uL"
"21/08/2024 10:15:23 AM","0723GOLD_05",79.2,"ng/uL"
"21/08/2024 10:15:23 AM","0723GOLD_06",44.4,"ng/uL"
"21/08/2024 10:15:23 AM","0723GOLD_07",51.2,"ng/uL"
"21/08/2024 10:15:23 AM","0723GOLD_08",58,"ng/uL"
"21/08/2024 10:15:43 AM","0723GOLD_09",27.1,"ng/uL"
"21/08/2024 10:15:43 AM","0723GOLD_10",44.8,"ng/uL"
"21/08/2024 10:15:43 AM","0723GOLD_11",116,"ng/uL"
"21/08/2024 10:15:43 AM","0723GOLD_12",138,"ng/uL"
"21/08/2024 10:15:43 AM","0723GOLD_13",80.4,"ng/uL"
"21/08/2024 10:15:43 AM","0723GOLD_14",85.6,"ng/uL"
"21/08/2024 10:15:43 AM","0723GOLD_15",44,"ng/uL"
"21/08/2024 10:15:43 AM","0723GOLD_16",35,"ng/uL"
"21/08/2024 10:16:01 AM","0723GOLD_17",131,"ng/uL"
"21/08/2024 10:16:01 AM","0723GOLD_18",172,"ng/uL"
"21/08/2024 10:16:01 AM","0723GOLD_19",194,"ng/uL"
"21/08/2024 10:16:01 AM","0723GOLD_20",150,"ng/uL"
"21/08/2024 10:16:01 AM","0723GOLD_21",90.8,"ng/uL"
"21/08/2024 10:16:01 AM","0723GOLD_22",45.2,"ng/uL"
"21/08/2024 10:16:01 AM","0723GOLD_23",87.2,"ng/uL"
"21/08/2024 10:16:01 AM","0723GOLD_24",63.2,"ng/uL"
"21/08/2024 10:16:33 AM","0723GOLD_25",41.6,"ng/uL"
"21/08/2024 10:16:33 AM","0723GOLD_26",132,"ng/uL"
"21/08/2024 10:16:33 AM","0723GOLD_27",82.8,"ng/uL"
"21/08/2024 10:16:33 AM","0723GOLD_28",51.6,"ng/uL"
"21/08/2024 10:16:33 AM","0723GOLD_29",86.4,"ng/uL"
"21/08/2024 10:16:33 AM","0723GOLD_30",112,"ng/uL"
"21/08/2024 03:19:35 PM","0723LAUR_01",152,"ng/uL"
"21/08/2024 03:19:35 PM","0723LAUR_02",59.6,"ng/uL"
"21/08/2024 03:19:35 PM","0723LAUR_03",68.4,"ng/uL"
"21/08/2024 03:19:35 PM","0723LAUR_04",50,"ng/uL"
"21/08/2024 03:19:35 PM","0723LAUR_05",91.6,"ng/uL"
"21/08/2024 03:19:35 PM","0723LAUR_06",90,"ng/uL"
"21/08/2024 03:19:35 PM","0723LAUR_07",120,"ng/uL"
"21/08/2024 03:19:35 PM","0723LAUR_08",112,"ng/uL"
"21/08/2024 03:19:54 PM","0723LAUR_09",58.8,"ng/uL"
"21/08/2024 03:19:54 PM","0723LAUR_10",129,"ng/uL"
"21/08/2024 03:19:54 PM","0723LAUR_11",69.6,"ng/uL"
"21/08/2024 03:19:54 PM","0723LAUR_12",101,"ng/uL"
"21/08/2024 03:19:54 PM","0723LAUR_13",119,"ng/uL"
"21/08/2024 03:19:54 PM","0723LAUR_14",80.4,"ng/uL"
"21/08/2024 03:19:54 PM","0723LAUR_15",99.6,"ng/uL"
"21/08/2024 03:19:54 PM","0723LAUR_16",166,"ng/uL"
"21/08/2024 03:21:02 PM","0723LAUR_17",55.2,"ng/uL"
"21/08/2024 03:21:02 PM","0723LAUR_18",176,"ng/uL"
"21/08/2024 03:21:02 PM","0723LAUR_19",109,"ng/uL"
"21/08/2024 03:21:02 PM","0723LAUR_21",164,"ng/uL"
"21/08/2024 03:21:02 PM","0723LAUR_22",160,"ng/uL"
"21/08/2024 03:21:02 PM","0723LAUR_23",74,"ng/uL"
"21/08/2024 03:21:02 PM","0723LAUR_24",131,"ng/uL"
"21/08/2024 03:23:34 PM","0723LAUR_25",134,"ng/uL"
"21/08/2024 03:23:34 PM","0723LAUR_27",84,"ng/uL"
"21/08/2024 03:23:34 PM","0723LAUR_28",38.7,"ng/uL"
"21/08/2024 03:23:34 PM","0723LAUR_29",93.6,"ng/uL"
"21/08/2024 03:23:34 PM","0723LAUR_30",95.6,"ng/uL"
"21/08/2024 10:43:07 AM","0823ASHC_01",50.8,"ng/uL"
"21/08/2024 10:43:07 AM","0823ASHC_02",58.4,"ng/uL"
"21/08/2024 10:43:07 AM","0823ASHC_03",21,"ng/uL"
"21/08/2024 10:43:07 AM","0823ASHC_04",223,"ng/uL"
"21/08/2024 10:43:07 AM","0823ASHC_05",213,"ng/uL"
"21/08/2024 10:43:07 AM","0823ASHC_06",82,"ng/uL"
"21/08/2024 10:43:07 AM","0823ASHC_07",27.3,"ng/uL"
"21/08/2024 10:43:07 AM","0823ASHC_08",33.5,"ng/uL"
"21/08/2024 10:43:45 AM","0823ASHC_09",57.2,"ng/uL"
"21/08/2024 10:43:45 AM","0823ASHC_10",75.6,"ng/uL"
"21/08/2024 10:43:45 AM","0823ASHC_11",139,"ng/uL"
"21/08/2024 10:43:45 AM","0823ASHC_12",63.2,"ng/uL"
"21/08/2024 10:43:45 AM","0823ASHC_13",282,"ng/uL"
"21/08/2024 10:43:45 AM","0823ASHC_14",35.5,"ng/uL"
"21/08/2024 10:43:45 AM","0823ASHC_15",62.8,"ng/uL"
"21/08/2024 10:43:45 AM","0823ASHC_16",46,"ng/uL"
"21/08/2024 10:44:36 AM","0823ASHC_17",138,"ng/uL"
"21/08/2024 10:44:36 AM","0823ASHC_18",50,"ng/uL"
"21/08/2024 10:44:36 AM","0823ASHC_19",83.2,"ng/uL"
"21/08/2024 10:44:36 AM","0823ASHC_20",37.7,"ng/uL"
"21/08/2024 10:44:36 AM","0823ASHC_21",73.6,"ng/uL"
"21/08/2024 10:44:36 AM","0823ASHC_22",237,"ng/uL"
"21/08/2024 10:44:36 AM","0823ASHC_23",21.2,"ng/uL"
"21/08/2024 10:44:36 AM","0823ASHC_24",120,"ng/uL"
"21/08/2024 10:44:57 AM","0823ASHC_25",28.5,"ng/uL"
"21/08/2024 10:44:57 AM","0823ASHC_26",66.4,"ng/uL"
"21/08/2024 10:44:57 AM","0823ASHC_27",126,"ng/uL"
"21/08/2024 10:44:57 AM","0823ASHC_28",118,"ng/uL"
"21/08/2024 10:44:57 AM","0823ASHC_29",140,"ng/uL"
"21/08/2024 10:44:57 AM","0823ASHC_30",45.2,"ng/uL"
"26/09/2024 01:58:27 PM","0823ASHC_01",69.6,"ng/uL"
"26/09/2024 01:58:27 PM","0823ASHC_02",81.2,"ng/uL"
"26/09/2024 01:58:27 PM","0823ASHC_03",26.1,"ng/uL"
"26/09/2024 01:58:27 PM","0823ASHC_04",279,"ng/uL"
"26/09/2024 01:58:27 PM","0823ASHC_05",256,"ng/uL"
"26/09/2024 01:58:27 PM","0823ASHC_06",107,"ng/uL"
"26/09/2024 01:58:27 PM","0823ASHC_07",38.2,"ng/uL"
"26/09/2024 01:58:27 PM","0823ASHC_08",48.4,"ng/uL"
"26/09/2024 01:58:55 PM","0823ASHC_09",61.6,"ng/uL"
"26/09/2024 01:58:55 PM","0823ASHC_10",81.6,"ng/uL"
"26/09/2024 01:58:55 PM","0823ASHC_11",132,"ng/uL"
"26/09/2024 01:58:55 PM","0823ASHC_12",64.4,"ng/uL"
"26/09/2024 01:58:55 PM","0823ASHC_13",252,"ng/uL"
"26/09/2024 01:58:55 PM","0823ASHC_14",40.8,"ng/uL"
"26/09/2024 01:58:55 PM","0823ASHC_15",67.2,"ng/uL"
"26/09/2024 01:58:55 PM","0823ASHC_16",53.6,"ng/uL"
"26/09/2024 02:00:07 PM","0823ASHC_17",157,"ng/uL"
"26/09/2024 02:00:07 PM","0823ASHC_18",58.4,"ng/uL"
"26/09/2024 02:00:07 PM","0823ASHC_19",83.6,"ng/uL"
"26/09/2024 02:00:07 PM","0823ASHC_20",36.8,"ng/uL"
"26/09/2024 02:00:07 PM","0823ASHC_21",67.2,"ng/uL"
"26/09/2024 02:00:07 PM","0823ASHC_22",288,"ng/uL"
"26/09/2024 02:00:07 PM","0823ASHC_23",22.7,"ng/uL"
"26/09/2024 02:00:07 PM","0823ASHC_24",138,"ng/uL"
"26/09/2024 02:00:50 PM","0823ASHC_25",34.8,"ng/uL"
"26/09/2024 02:00:50 PM","0823ASHC_26",77.6,"ng/uL"
"26/09/2024 02:00:50 PM","0823ASHC_27",132,"ng/uL"
"26/09/2024 02:00:50 PM","0823ASHC_28",120,"ng/uL"
"26/09/2024 02:00:50 PM","0823ASHC_29",126,"ng/uL"
"26/09/2024 02:00:50 PM","0823ASHC_30",50,"ng/uL"
"29/05/2024 01:51:08 PM","0823FENC_01",64.4,"ng/uL"
"29/05/2024 01:51:08 PM","0823FENC_02",69.2,"ng/uL"
"29/05/2024 01:51:08 PM","0823FENC_03",62,"ng/uL"
"29/05/2024 01:51:08 PM","0823FENC_05",124,"ng/uL"
"29/05/2024 01:51:08 PM","0823FENC_04",118,"ng/uL"
"29/05/2024 01:51:08 PM","0823FENC_06",86.4,"ng/uL"
"29/05/2024 01:51:08 PM","0823FENC_07",48.8,"ng/uL"
"29/05/2024 01:51:08 PM","0823FENC_08",112,"ng/uL"
"29/05/2024 01:53:28 PM","0823FENC_09",47.6,"ng/uL"
"29/05/2024 01:53:28 PM","0823FENC_10",81.2,"ng/uL"
"29/05/2024 01:53:28 PM","0823FENC_11",57.2,"ng/uL"
"29/05/2024 01:53:28 PM","0823FENC_12",67.6,"ng/uL"
"29/05/2024 01:53:28 PM","0823FENC_13",55.2,"ng/uL"
"29/05/2024 01:53:28 PM","0823FENC_14",95.2,"ng/uL"
"29/05/2024 01:53:28 PM","0823FENC_15",80.8,"ng/uL"
"29/05/2024 01:53:28 PM","0823FENC_16",50.4,"ng/uL"
"29/05/2024 01:55:06 PM","0823FENC_17",80.8,"ng/uL"
"29/05/2024 01:55:06 PM","0823FENC_18",78.8,"ng/uL"
"29/05/2024 01:55:06 PM","0823FENC_19",81.2,"ng/uL"
"29/05/2024 01:55:06 PM","0823FENC_20",70.8,"ng/uL"
"29/05/2024 01:55:06 PM","0823FENC_21",87.6,"ng/uL"
"29/05/2024 01:55:06 PM","0823FENC_22",195,"ng/uL"
"29/05/2024 01:55:06 PM","0823FENC_23",70.8,"ng/uL"
"29/05/2024 01:55:06 PM","0823FENC_24",43.2,"ng/uL"
"29/05/2024 01:56:50 PM","0823FENC_25",110,"ng/uL"
"29/05/2024 01:56:50 PM","0823FENC_26",52.8,"ng/uL"
"29/05/2024 01:56:50 PM","0823FENC_27",68,"ng/uL"
"29/05/2024 01:56:50 PM","0823FENC_28",89.6,"ng/uL"
"29/05/2024 01:56:50 PM","0823FENC_29",107,"ng/uL"
"29/05/2024 01:56:50 PM","0823FENC_30",41.2,"ng/uL"
"21/08/2024 11:29:31 AM","0823GOLD_1",94.4,"ng/uL"
"21/08/2024 11:29:31 AM","0823GOLD_2",48.8,"ng/uL"
"21/08/2024 11:29:31 AM","0823GOLD_3",41.6,"ng/uL"
"21/08/2024 11:29:31 AM","0823GOLD_4",38.1,"ng/uL"
"21/08/2024 11:29:31 AM","0823GOLD_5",31,"ng/uL"
"21/08/2024 11:29:31 AM","0823GOLD_6",69.6,"ng/uL"
"21/08/2024 11:29:31 AM","0823GOLD_7",60,"ng/uL"
"21/08/2024 11:29:31 AM","0823GOLD_8",60.4,"ng/uL"
"21/08/2024 11:29:52 AM","0823GOLD_9",84.4,"ng/uL"
"21/08/2024 11:29:52 AM","0823GOLD_10",207,"ng/uL"
"21/08/2024 11:29:52 AM","0823GOLD_11",108,"ng/uL"
"21/08/2024 11:29:52 AM","0823GOLD_12",236,"ng/uL"
"21/08/2024 11:29:52 AM","0823GOLD_13",63.2,"ng/uL"
"21/08/2024 11:29:52 AM","0823GOLD_14",107,"ng/uL"
"21/08/2024 11:29:52 AM","0823GOLD_15",60.8,"ng/uL"
"21/08/2024 11:29:52 AM","0823GOLD_16",41.6,"ng/uL"
"21/08/2024 11:30:14 AM","0823GOLD_17",52.4,"ng/uL"
"21/08/2024 11:30:14 AM","0823GOLD_18",135,"ng/uL"
"21/08/2024 11:30:14 AM","0823GOLD_19",74,"ng/uL"
"21/08/2024 11:30:14 AM","0823GOLD_20",44.4,"ng/uL"
"21/08/2024 11:30:14 AM","0823GOLD_21",92.4,"ng/uL"
"21/08/2024 11:30:14 AM","0823GOLD_22",80.4,"ng/uL"
"21/08/2024 11:30:14 AM","0823GOLD_23",44,"ng/uL"
"21/08/2024 11:30:14 AM","0823GOLD_24",49.6,"ng/uL"
"21/08/2024 11:30:43 AM","0823GOLD_25",99.2,"ng/uL"
"21/08/2024 11:30:43 AM","0823GOLD_26",43.2,"ng/uL"
"21/08/2024 11:30:43 AM","0823GOLD_27",76.8,"ng/uL"
"21/08/2024 11:30:43 AM","0823GOLD_28",83.6,"ng/uL"
"21/08/2024 11:30:43 AM","0823GOLD_29",92.8,"ng/uL"
"21/08/2024 11:30:43 AM","0823GOLD_30",25,"ng/uL"
"18/04/2024 10:17:52 AM","0823LAUR_01",60.2,"ng/uL"
"18/04/2024 10:17:52 AM","0823LAUR_02",45,"ng/uL"
"18/04/2024 10:17:52 AM","0823LAUR_03",90.6,"ng/uL"
"18/04/2024 10:17:52 AM","0823LAUR_04",63.2,"ng/uL"
"18/04/2024 10:17:52 AM","0823LAUR_05",85.4,"ng/uL"
"18/04/2024 10:17:52 AM","0823LAUR_06",43,"ng/uL"
"18/04/2024 10:17:52 AM","0823LAUR_07",59.6,"ng/uL"
"18/04/2024 10:17:52 AM","0823LAUR_08",28.6,"ng/uL"
"18/04/2024 10:19:22 AM","0823LAUR_09",88.6,"ng/uL"
"18/04/2024 10:19:22 AM","0823LAUR_10",82.6,"ng/uL"
"18/04/2024 10:19:22 AM","0823LAUR_11",51.6,"ng/uL"
"18/04/2024 10:19:22 AM","0823LAUR_12",43.8,"ng/uL"
"18/04/2024 10:19:22 AM","0823LAUR_13",58.8,"ng/uL"
"18/04/2024 10:19:22 AM","0823LAUR_14",92.2,"ng/uL"
"18/04/2024 10:19:22 AM","0823LAUR_15",62.2,"ng/uL"
"18/04/2024 10:19:22 AM","0823LAUR_16",28.4,"ng/uL"
"18/04/2024 10:26:41 AM","0823LAUR_17",29.8,"ng/uL"
"18/04/2024 10:26:41 AM","0823LAUR_18",66.8,"ng/uL"
"18/04/2024 10:26:41 AM","0823LAUR_19",74,"ng/uL"
"18/04/2024 10:26:41 AM","0823LAUR_20",69.8,"ng/uL"
"18/04/2024 10:26:41 AM","0823LAUR_21",27.4,"ng/uL"
"18/04/2024 10:26:41 AM","0823LAUR_22",35.8,"ng/uL"
"18/04/2024 10:26:41 AM","0823LAUR_23",33.6,"ng/uL"
"18/04/2024 10:26:41 AM","0823LAUR_24",36.6,"ng/uL"
"18/04/2024 10:30:31 AM","0823LAUR_25",46.8,"ng/uL"
"18/04/2024 10:30:31 AM","0823LAUR_26",84.8,"ng/uL"
"18/04/2024 10:30:31 AM","0823LAUR_27",70.6,"ng/uL"
"18/04/2024 10:30:31 AM","0823LAUR_28",36.4,"ng/uL"
"18/04/2024 10:30:31 AM","0823LAUR_29",115,"ng/uL"
"18/04/2024 10:30:31 AM","0823LAUR_30",56.8,"ng/uL"
"21/08/2024 01:13:31 PM","0923ASHC_01",103,"ng/uL"
"21/08/2024 01:13:31 PM","0923ASHC_02",151,"ng/uL"
"21/08/2024 01:13:31 PM","0923ASHC_03",187,"ng/uL"
"21/08/2024 01:13:31 PM","0923ASHC_04",132,"ng/uL"
"21/08/2024 01:13:31 PM","0923ASHC_05",124,"ng/uL"
"21/08/2024 01:13:31 PM","0923ASHC_06",91.2,"ng/uL"
"21/08/2024 01:13:31 PM","0923ASHC_07",31.2,"ng/uL"
"21/08/2024 01:13:31 PM","0923ASHC_08",29.2,"ng/uL"
"21/08/2024 01:14:05 PM","0923ASHC_09",48.4,"ng/uL"
"21/08/2024 01:14:05 PM","0923ASHC_10",59.2,"ng/uL"
"21/08/2024 01:14:05 PM","0923ASHC_11",109,"ng/uL"
"21/08/2024 01:14:05 PM","0923ASHC_12",91.2,"ng/uL"
"21/08/2024 01:14:05 PM","0923ASHC_13",62,"ng/uL"
"21/08/2024 01:14:05 PM","0923ASHC_14",63.6,"ng/uL"
"21/08/2024 01:14:05 PM","0923ASHC_15",68,"ng/uL"
"21/08/2024 01:14:05 PM","0923ASHC_16",35,"ng/uL"
"21/08/2024 01:14:30 PM","0923ASHC_17",44.4,"ng/uL"
"21/08/2024 01:14:30 PM","0923ASHC_18",162,"ng/uL"
"21/08/2024 01:14:30 PM","0923ASHC_19",95.2,"ng/uL"
"21/08/2024 01:14:30 PM","0923ASHC_20",225,"ng/uL"
"21/08/2024 01:14:30 PM","0923ASHC_21",60,"ng/uL"
"21/08/2024 01:14:30 PM","0923ASHC_22",37.6,"ng/uL"
"21/08/2024 01:14:30 PM","0923ASHC_23",32.6,"ng/uL"
"21/08/2024 01:14:30 PM","0923ASHC_24",54.8,"ng/uL"
"21/08/2024 01:15:27 PM","0923ASHC_25",2.07,"ng/uL"
"21/08/2024 01:15:27 PM","0923ASHC_26",1.93,"ng/uL"
"21/08/2024 01:15:27 PM","0923ASHC_27",52.8,"ng/uL"
"21/08/2024 01:15:27 PM","0923ASHC_28",58.8,"ng/uL"
"21/08/2024 01:15:27 PM","0923ASHC_29",90.8,"ng/uL"
"21/08/2024 01:15:27 PM","0923ASHC_30",82,"ng/uL"
"21/08/2024 12:51:55 PM","0923FENC_01",45.2,"ng/uL"
"21/08/2024 12:51:55 PM","0923FENC_02",17.8,"ng/uL"
"21/08/2024 12:51:55 PM","0923FENC_03",9.72,"ng/uL"
"21/08/2024 12:51:55 PM","0923FENC_04",20.7,"ng/uL"
"21/08/2024 12:51:55 PM","0923FENC_05",27.8,"ng/uL"
"21/08/2024 12:51:55 PM","0923FENC_06",10.6,"ng/uL"
"21/08/2024 12:51:55 PM","0923FENC_07",9.84,"ng/uL"
"21/08/2024 12:51:55 PM","0923FENC_08",36.8,"ng/uL"
"21/08/2024 12:52:15 PM","0923FENC_09",7.16,"ng/uL"
"21/08/2024 12:52:15 PM","0923FENC_10",11.2,"ng/uL"
"21/08/2024 12:52:15 PM","0923FENC_11",12.7,"ng/uL"
"21/08/2024 12:52:15 PM","0923FENC_12",7.8,"ng/uL"
"21/08/2024 12:52:15 PM","0923FENC_13",48.8,"ng/uL"
"21/08/2024 12:52:15 PM","0923FENC_14",28.8,"ng/uL"
"21/08/2024 12:52:15 PM","0923FENC_15",17.5,"ng/uL"
"21/08/2024 12:52:15 PM","0923FENC_16",60.4,"ng/uL"
"21/08/2024 12:52:39 PM","0923FENC_17",20.4,"ng/uL"
"21/08/2024 12:52:39 PM","0923FENC_18",12.8,"ng/uL"
"21/08/2024 12:52:39 PM","0923FENC_19",26.3,"ng/uL"
"21/08/2024 12:52:39 PM","0923FENC_20",68,"ng/uL"
"21/08/2024 12:52:39 PM","0923FENC_21",144,"ng/uL"
"21/08/2024 12:52:39 PM","0923FENC_22",10.2,"ng/uL"
"21/08/2024 12:52:39 PM","0923FENC_23",31.1,"ng/uL"
"21/08/2024 12:52:39 PM","0923FENC_24",22.5,"ng/uL"
"21/08/2024 12:53:05 PM","0923FENC_25",17.9,"ng/uL"
"21/08/2024 12:53:05 PM","0923FENC_26",19,"ng/uL"
"21/08/2024 12:53:05 PM","0923FENC_27",32.6,"ng/uL"
"21/08/2024 12:53:05 PM","0923FENC_28",13.8,"ng/uL"
"21/08/2024 12:53:05 PM","0923FENC_29",83.2,"ng/uL"
"21/08/2024 12:53:05 PM","0923FENC_30",60,"ng/uL"
"21/08/2024 02:04:11 PM","0923GOLD_01",68.4,"ng/uL"
"21/08/2024 02:04:11 PM","0923GOLD_02",33.2,"ng/uL"
"21/08/2024 02:04:11 PM","0923GOLD_03",41.2,"ng/uL"
"21/08/2024 02:04:11 PM","0923GOLD_04",37.5,"ng/uL"
"21/08/2024 02:04:11 PM","0923GOLD_05",92.8,"ng/uL"
"21/08/2024 02:04:11 PM","0923GOLD_06",121,"ng/uL"
"21/08/2024 02:04:11 PM","0923GOLD_07",55.2,"ng/uL"
"21/08/2024 02:04:11 PM","0923GOLD_08",58.8,"ng/uL"
"21/08/2024 02:04:27 PM","0923GOLD_09",74,"ng/uL"
"21/08/2024 02:04:27 PM","0923GOLD_10",39.8,"ng/uL"
"21/08/2024 02:04:27 PM","0923GOLD_11",43.6,"ng/uL"
"21/08/2024 02:04:27 PM","0923GOLD_12",43.6,"ng/uL"
"21/08/2024 02:04:27 PM","0923GOLD_13",68.4,"ng/uL"
"21/08/2024 02:04:27 PM","0923GOLD_14",75.6,"ng/uL"
"21/08/2024 02:04:27 PM","0923GOLD_15",95.6,"ng/uL"
"21/08/2024 02:04:27 PM","0923GOLD_16",78.8,"ng/uL"
"21/08/2024 02:05:06 PM","0923GOLD_17",84,"ng/uL"
"21/08/2024 02:05:06 PM","0923GOLD_18",51.6,"ng/uL"
"21/08/2024 02:05:06 PM","0923GOLD_19",63.2,"ng/uL"
"21/08/2024 02:05:06 PM","0923GOLD_20",108,"ng/uL"
"21/08/2024 02:05:06 PM","0923GOLD_21",76.8,"ng/uL"
"21/08/2024 02:05:06 PM","0923GOLD_22",61.2,"ng/uL"
"21/08/2024 02:05:06 PM","0923GOLD_23",68,"ng/uL"
"21/08/2024 02:05:06 PM","0923GOLD_24",60.8,"ng/uL"
"21/08/2024 02:05:28 PM","0923GOLD_25",64.8,"ng/uL"
"21/08/2024 02:05:28 PM","0923GOLD_26",39.2,"ng/uL"
"21/08/2024 02:05:28 PM","0923GOLD_27",71.2,"ng/uL"
"21/08/2024 02:05:28 PM","0923GOLD_28",48,"ng/uL"
"21/08/2024 02:05:28 PM","0923GOLD_29",92.4,"ng/uL"
"21/08/2024 02:05:28 PM","0923GOLD_30",76.4,"ng/uL"
"26/09/2024 03:13:20 PM","0923GOLD_01",60.4,"ng/uL"
"26/09/2024 03:13:20 PM","0923GOLD_02",31.9,"ng/uL"
"26/09/2024 03:13:20 PM","0923GOLD_03",44,"ng/uL"
"26/09/2024 03:13:20 PM","0923GOLD_04",36.5,"ng/uL"
"26/09/2024 03:13:20 PM","0923GOLD_05",80.4,"ng/uL"
"26/09/2024 03:13:20 PM","0923GOLD_06",124,"ng/uL"
"26/09/2024 03:13:20 PM","0923GOLD_07",52.4,"ng/uL"
"26/09/2024 03:13:20 PM","0923GOLD_08",48,"ng/uL"
"26/09/2024 03:13:42 PM","0923GOLD_09",60,"ng/uL"
"26/09/2024 03:13:42 PM","0923GOLD_10",37.9,"ng/uL"
"26/09/2024 03:13:42 PM","0923GOLD_11",42.8,"ng/uL"
"26/09/2024 03:13:42 PM","0923GOLD_12",38.6,"ng/uL"
"26/09/2024 03:13:42 PM","0923GOLD_13",51.6,"ng/uL"
"26/09/2024 03:13:42 PM","0923GOLD_14",73.2,"ng/uL"
"26/09/2024 03:13:42 PM","0923GOLD_15",93.2,"ng/uL"
"26/09/2024 03:13:42 PM","0923GOLD_16",69.2,"ng/uL"
"26/09/2024 03:14:44 PM","0923GOLD_17",71.2,"ng/uL"
"26/09/2024 03:14:44 PM","0923GOLD_18",50.4,"ng/uL"
"26/09/2024 03:14:44 PM","0923GOLD_19",57.6,"ng/uL"
"26/09/2024 03:14:44 PM","0923GOLD_20",95.2,"ng/uL"
"26/09/2024 03:14:44 PM","0923GOLD_21",56.8,"ng/uL"
"26/09/2024 03:14:44 PM","0923GOLD_22",54,"ng/uL"
"26/09/2024 03:14:44 PM","0923GOLD_23",58.4,"ng/uL"
"26/09/2024 03:14:44 PM","0923GOLD_24",46,"ng/uL"
"26/09/2024 03:15:06 PM","0923GOLD_25",56,"ng/uL"
"26/09/2024 03:15:06 PM","0923GOLD_26",35.8,"ng/uL"
"26/09/2024 03:15:06 PM","0923GOLD_27",63.6,"ng/uL"
"26/09/2024 03:15:06 PM","0923GOLD_28",41.6,"ng/uL"
"26/09/2024 03:15:06 PM","0923GOLD_29",75.2,"ng/uL"
"26/09/2024 03:15:06 PM","0923GOLD_30",70.4,"ng/uL"
"21/08/2024 02:33:31 PM","0923LAUR_01",54,"ng/uL"
"21/08/2024 02:33:31 PM","0923LAUR_02",84.8,"ng/uL"
"21/08/2024 02:33:31 PM","0923LAUR_03",38.4,"ng/uL"
"21/08/2024 02:33:31 PM","0923LAUR_04",98.8,"ng/uL"
"21/08/2024 02:33:31 PM","0923LAUR_05",85.2,"ng/uL"
"21/08/2024 03:24:24 PM","0923LAUR_06",64.4,"ng/uL"
"21/08/2024 02:33:31 PM","0923LAUR_07",104,"ng/uL"
"21/08/2024 02:33:31 PM","0923LAUR_08",35,"ng/uL"
"21/08/2024 02:33:56 PM","0923LAUR_09",56.4,"ng/uL"
"21/08/2024 02:33:56 PM","0923LAUR_10",50,"ng/uL"
"21/08/2024 02:33:56 PM","0923LAUR_11",117,"ng/uL"
"21/08/2024 02:33:56 PM","0923LAUR_12",119,"ng/uL"
"21/08/2024 02:33:56 PM","0923LAUR_13",78.8,"ng/uL"
"21/08/2024 02:33:56 PM","0923LAUR_14",175,"ng/uL"
"21/08/2024 02:33:56 PM","0923LAUR_15",48,"ng/uL"
"21/08/2024 02:33:56 PM","0923LAUR_16",99.2,"ng/uL"
"21/08/2024 02:34:24 PM","0923LAUR_17",89.2,"ng/uL"
"21/08/2024 02:34:24 PM","0923LAUR_18",56.4,"ng/uL"
"21/08/2024 02:34:24 PM","0923LAUR_19",47.6,"ng/uL"
"21/08/2024 02:34:24 PM","0923LAUR_20",68.4,"ng/uL"
"21/08/2024 02:34:24 PM","0923LAUR_21",180,"ng/uL"
"21/08/2024 02:34:24 PM","0923LAUR_22",56.8,"ng/uL"
"21/08/2024 02:34:24 PM","0923LAUR_23",67.6,"ng/uL"
"21/08/2024 02:34:24 PM","0923LAUR_24",43.2,"ng/uL"
"21/08/2024 02:34:59 PM","0923LAUR_25",52.4,"ng/uL"
"21/08/2024 02:34:59 PM","0923LAUR_26",152,"ng/uL"
"21/08/2024 02:34:59 PM","0923LAUR_27",23.6,"ng/uL"
"21/08/2024 02:34:59 PM","0923LAUR_28",122,"ng/uL"
"21/08/2024 02:34:59 PM","0923LAUR_29",56,"ng/uL"
"21/08/2024 02:34:59 PM","0923LAUR_30",65.6,"ng/uL"
"26/09/2024 02:47:37 PM","0923LAUR_01",42,"ng/uL"
"26/09/2024 02:47:37 PM","0923LAUR_02",74.8,"ng/uL"
"26/09/2024 02:47:37 PM","0923LAUR_03",33.3,"ng/uL"
"26/09/2024 02:47:37 PM","0923LAUR_04",90,"ng/uL"
"26/09/2024 02:47:37 PM","0923LAUR_05",66.8,"ng/uL"
"26/09/2024 02:47:37 PM","0923LAUR_06",54.4,"ng/uL"
"26/09/2024 02:47:37 PM","0923LAUR_07",99.6,"ng/uL"
"26/09/2024 02:47:37 PM","0923LAUR_08",32,"ng/uL"
"26/09/2024 02:49:00 PM","0923LAUR_09",48.8,"ng/uL"
"26/09/2024 02:49:00 PM","0923LAUR_10",54.8,"ng/uL"
"26/09/2024 02:49:00 PM","0923LAUR_11",122,"ng/uL"
"26/09/2024 02:49:00 PM","0923LAUR_12",132,"ng/uL"
"26/09/2024 02:49:00 PM","0923LAUR_13",74,"ng/uL"
"26/09/2024 02:49:00 PM","0923LAUR_14",192,"ng/uL"
"26/09/2024 02:49:00 PM","0923LAUR_15",54,"ng/uL"
"26/09/2024 02:49:00 PM","0923LAUR_16",98.4,"ng/uL"
"26/09/2024 02:49:41 PM","0923LAUR_17",86.4,"ng/uL"
"26/09/2024 02:49:41 PM","0923LAUR_18",59.2,"ng/uL"
"26/09/2024 02:49:41 PM","0923LAUR_19",48.4,"ng/uL"
"26/09/2024 02:49:41 PM","0923LAUR_20",68,"ng/uL"
"26/09/2024 02:49:41 PM","0923LAUR_21",154,"ng/uL"
"26/09/2024 02:49:41 PM","0923LAUR_22",58.4,"ng/uL"
"26/09/2024 02:49:41 PM","0923LAUR_23",74,"ng/uL"
"26/09/2024 02:49:41 PM","0923LAUR_24",43.6,"ng/uL"
"26/09/2024 02:50:53 PM","0923LAUR_25",48.4,"ng/uL"
"26/09/2024 02:50:53 PM","0923LAUR_27",31.8,"ng/uL"
"26/09/2024 02:50:53 PM","0923LAUR_28",135,"ng/uL"
"26/09/2024 02:50:53 PM","0923LAUR_29",48.4,"ng/uL"
"26/09/2024 02:50:53 PM","0923LAUR_30",68.4,"ng/uL"
"26/09/2024 02:50:53 PM","0923LAUR_26",158,"ng/uL"
"11/9/2024 15:25","1123ASHC_01",12.6,"ng/uL"
"11/9/2024 15:28","1123ASHC_02",25.4,"ng/uL"
"11/9/2024 15:28","1123ASHC_03",54.8,"ng/uL"
"11/9/2024 15:28","1123ASHC_04",26,"ng/uL"
"11/9/2024 15:28","1123ASHC_05",27.4,"ng/uL"
"11/9/2024 15:28","1123ASHC_06",23.7,"ng/uL"
"11/9/2024 15:28","1123ASHC_07",21.9,"ng/uL"
"11/9/2024 15:28","1123ASHC_08",38.9,"ng/uL"
"11/9/2024 15:28","1123ASHC_09",36.4,"ng/uL"
"11/9/2024 15:28","1123ASHC_10",39.8,"ng/uL"
"11/9/2024 15:28","1123ASHC_11",99.2,"ng/uL"
"11/9/2024 15:28","1123ASHC_12",62.4,"ng/uL"
"11/9/2024 15:28","1123ASHC_13",60,"ng/uL"
"11/9/2024 15:28","1123ASHC_14",31.4,"ng/uL"
"11/9/2024 15:28","1123ASHC_15",58,"ng/uL"
"11/9/2024 15:28","1123ASHC_16",25.7,"ng/uL"
"11/9/2024 15:29","1123ASHC_17",54,"ng/uL"
"11/9/2024 15:29","1123ASHC_18",44.8,"ng/uL"
"11/9/2024 15:29","1123ASHC_19",52.4,"ng/uL"
"11/9/2024 15:29","1123ASHC_20",25.8,"ng/uL"
"11/9/2024 15:29","1123ASHC_21",42.8,"ng/uL"
"11/9/2024 15:29","1123ASHC_22",28.4,"ng/uL"
"11/9/2024 15:29","1123ASHC_23",53.2,"ng/uL"
"11/9/2024 15:29","1123ASHC_24",31.6,"ng/uL"
"11/9/2024 15:33","1123ASHC_25",38.8,"ng/uL"
"11/9/2024 15:33","1123ASHC_26",34,"ng/uL"
"11/9/2024 15:33","1123ASHC_27",18.8,"ng/uL"
"11/9/2024 15:33","1123ASHC_28",28.2,"ng/uL"
"11/9/2024 15:33","1123ASHC_29",30.6,"ng/uL"
"11/9/2024 15:33","1123ASHC_30",54.8,"ng/uL"
"11/9/2024 14:32","1123FENC_01",30.6,"ng/uL"
"11/9/2024 14:32","1123FENC_02",28.2,"ng/uL"
"11/9/2024 14:32","1123FENC_03",74.8,"ng/uL"
"11/9/2024 14:32","1123FENC_04",10.6,"ng/uL"
"11/9/2024 14:32","1123FENC_05",57.6,"ng/uL"
"11/9/2024 14:39","1123FENC_06",28.5,"ng/uL"
"11/9/2024 14:34","1123FENC_07",47.2,"ng/uL"
"11/9/2024 14:32","1123FENC_08",46,"ng/uL"
"11/9/2024 14:37","1123FENC_09",14.5,"ng/uL"
"11/9/2024 14:37","1123FENC_10",30.8,"ng/uL"
"11/9/2024 14:37","1123FENC_11",44.8,"ng/uL"
"11/9/2024 14:37","1123FENC_12",35.3,"ng/uL"
"11/9/2024 14:37","1123FENC_13",46,"ng/uL"
"11/9/2024 14:37","1123FENC_14",36.3,"ng/uL"
"11/9/2024 14:37","1123FENC_15",31.4,"ng/uL"
"11/9/2024 14:37","1123FENC_16",36.9,"ng/uL"
"11/9/2024 14:38","1123FENC_17",65.6,"ng/uL"
"11/9/2024 14:38","1123FENC_18",33.6,"ng/uL"
"11/9/2024 14:38","1123FENC_19",50.4,"ng/uL"
"11/9/2024 14:38","1123FENC_20",75.6,"ng/uL"
"11/9/2024 14:38","1123FENC_21",84.4,"ng/uL"
"11/9/2024 14:38","1123FENC_22",28.6,"ng/uL"
"11/9/2024 14:38","1123FENC_23",12.6,"ng/uL"
"11/9/2024 14:38","1123FENC_24",22,"ng/uL"
"11/9/2024 14:39","1123FENC_25",51.2,"ng/uL"
"11/9/2024 14:39","1123FENC_26",22.8,"ng/uL"
"11/9/2024 14:39","1123FENC_27",28.6,"ng/uL"
"11/9/2024 14:39","1123FENC_28",16.2,"ng/uL"
"11/9/2024 14:39","1123FENC_29",21.6,"ng/uL"
"11/9/2024 14:39","1123FENC_30",25.8,"ng/uL"
